"","year","month","day","hour","P1.Sex","P2.Sex","Day.of.Week","Manner.of.Collision","First.Harmful.Event.Location","First.Harmful.Event","Ambient.Light","Weather.Condition.1","Weather.Condition.2","Traffic.Control.Device.Type","Traffic.Control.Device.Functionality","Road.Surface.Condition","Roadway.Junction.Type","Trafficway.Description","Street.or.Intersection","Intersection.Direction.1","Intersection.Direction.2","Street.Direction","v1.State.Code","V1.Hit.and.Run","V1.Action.Prior.to.Crash","V1.Occupant.Count","V1.Most.Damaged.Area","V1.Travel.Direction","V2.State.Code","V2.Hit.and.Run","V2.Action.Prior.to.Crash","V2.Occupant.Count","V2.Most.Damaged.Area","V2.Travel.Direction","P1.Role","P1.Drivers.Lic.State","P1.Drivers.Lic.Class.1","P1.Veh.Owner","P2.Drivers.Lic.State","P2.Drivers.Lic.Class.1","P2.Veh.Owner","First.Harmful.Event.LocationNA","First.Harmful.EventNA","Weather.Condition.2NA","Traffic.Control.Device.TypeNA","Traffic.Control.Device.FunctionalityNA","Trafficway.DescriptionNA","Intersection.Direction.1NA","Intersection.Direction.2NA","Street.DirectionNA","P1.Drivers.Lic.StateNA","P1.Drivers.Lic.Class.1NA","P2.Drivers.Lic.StateNA","P2.Drivers.Lic.Class.1NA"
"245",2015,6,18,18,"MALE","MALE","Thursday","REAR-END","ROADWAY","COLLISION WITH MOTOR VEHICLE IN TRAFFIC","DAYLIGHT","CLEAR","CLEAR","NO CONTROLS","YES","DRY","NOT AT INTERSECTION","TWO-WAY, NOT DIVIDED","NON INTERSECTION","EASTBOUND","NORTHBOUND","EASTBOUND",1,0,"SLOWING OR STOPPED IN TRAFFIC","2","RIGHT FRONT",0,1,0,"TRAVELING STRAIGHT AHEAD","1","RIGHT FRONT",0,"OPERATOR/DRIVER",1,"D, CLASS D VEHICLES",0,1,"D, CLASS D VEHICLES",0,0,1,1,0,1,0,1,1,0,0,0,0,1
"246",2015,4,7,8,"FEMALE","FEMALE","Tuesday","REAR-END","ROADWAY","COLLISION WITH MOTOR VEHICLE IN TRAFFIC","DAYLIGHT","CLOUDY","CLOUDY","NO CONTROLS","YES","DRY","T-INTERSECTION","TWO-WAY, DIVIDED, POSITIVE MEDIAN BARRIER","INTERSECTION","NORTHBOUND","NORTHBOUND","EASTBOUND",1,0,"SLOWING OR STOPPED IN TRAFFIC","1","RIGHT REAR",0,1,0,"TRAVELING STRAIGHT AHEAD","1","LEFT FRONT",0,"OPERATOR/DRIVER",1,"D, CLASS D VEHICLES",1,1,"D, CLASS D VEHICLES",1,0,0,0,0,1,0,0,0,1,0,1,0,1
"247",2015,2,21,13,"FEMALE","MALE","Saturday","REAR-END","ROADWAY","COLLISION WITH MOTOR VEHICLE IN TRAFFIC","DAYLIGHT","CLOUDY","CLEAR","NO CONTROLS","YES","DRY","NOT AT INTERSECTION","TWO-WAY, DIVIDED, UNPROTECTED MEDIAN","NON INTERSECTION","EASTBOUND","NORTHBOUND","EASTBOUND",1,0,"TRAVELING STRAIGHT AHEAD","1","RIGHT FRONT",1,1,0,"BACKING","2","RIGHT REAR",1,"OPERATOR/DRIVER",1,"D, CLASS D VEHICLES",1,1,"D, CLASS D VEHICLES",1,0,0,1,0,1,0,1,1,0,0,1,0,1
"248",2015,3,7,2,"MALE","FEMALE","Saturday","REAR-END","ROADWAY","COLLISION WITH MOTOR VEHICLE IN TRAFFIC","DARK - LIGHTED ROADWAY","CLEAR","OTHER","TRAFFIC CONTROL SIGNAL","YES","DRY","T-INTERSECTION","TWO-WAY, DIVIDED, POSITIVE MEDIAN BARRIER","INTERSECTION","SOUTHBOUND","EASTBOUND","EASTBOUND",1,0,"OTHER","1","REAR CENTER",0,1,0,"TRAVELING STRAIGHT AHEAD","1","CENTER FRONT",0,"OPERATOR/DRIVER",1,"D, CLASS D VEHICLES",0,1,"D, CLASS D VEHICLES",1,0,0,0,0,0,0,0,0,1,0,1,0,1
"249",2015,1,18,12,"FEMALE","FEMALE","Sunday","ANGLE","ROADWAY","COLLISION WITH MOTOR VEHICLE IN TRAFFIC","DAYLIGHT","CLEAR","CLOUDY","NO CONTROLS","YES","DRY","T-INTERSECTION","TWO-WAY, NOT DIVIDED","INTERSECTION","NORTHBOUND","EASTBOUND","EASTBOUND",1,0,"TRAVELING STRAIGHT AHEAD","1","CENTER FRONT",1,1,0,"TRAVELING STRAIGHT AHEAD","2","CENTER FRONT",1,"OPERATOR/DRIVER",1,"D, CLASS D VEHICLES",1,1,"D, CLASS D VEHICLES",1,0,0,0,1,0,1,0,0,1,0,0,0,1
"250",2016,4,10,19,"MALE","MALE","Sunday","ANGLE","ROADWAY","COLLISION WITH MOTOR VEHICLE IN TRAFFIC","DAYLIGHT","CLEAR","CLEAR","TRAFFIC CONTROL SIGNAL","YES","DRY","FOUR WAY INTERSECTION","TWO-WAY, DIVIDED, UNPROTECTED MEDIAN","INTERSECTION","EASTBOUND","NORTHBOUND","EASTBOUND",1,0,"TRAVELING STRAIGHT AHEAD","1","LEFT SIDE",0,1,0,"TRAVELING STRAIGHT AHEAD","1","RIGHT FRONT",0,"OPERATOR/DRIVER",1,"D, CLASS D VEHICLES",1,1,"D, CLASS D VEHICLES",0,0,0,0,0,0,0,1,1,1,0,1,0,1
"251",2015,3,9,14,"FEMALE","FEMALE","Monday","SIDESWIPE, SAME DIRECTION","ROADWAY","COLLISION WITH PARKED MOTOR VEHICLE","DAYLIGHT","CLEAR","CLEAR","NO CONTROLS","YES","DRY","NOT AT INTERSECTION","TWO-WAY, DIVIDED, POSITIVE MEDIAN BARRIER","NON INTERSECTION","EASTBOUND","NORTHBOUND","NORTHBOUND",1,0,"TRAVELING STRAIGHT AHEAD","1","RIGHT FRONT",0,1,0,"PARKED","1","LEFT SIDE",1,"UNINVOLVED OWNER",1,"D, CLASS D VEHICLES",1,0,"D, CLASS D VEHICLES",0,0,0,0,0,1,0,1,1,0,0,1,0,1
"252",2016,4,6,7,"FEMALE","FEMALE","Wednesday","ANGLE","ROADWAY","COLLISION WITH MOTOR VEHICLE IN TRAFFIC","DAYLIGHT","CLEAR","CLEAR","STOP SIGNS","YES","DRY","Y-INTERSECTION","UNKNOWN","INTERSECTION","WESTBOUND","SOUTHBOUND","EASTBOUND",1,0,"TRAVELING STRAIGHT AHEAD","1","LEFT FRONT",0,0,0,"TRAVELING STRAIGHT AHEAD","2","LEFT SIDE",0,"OPERATOR/DRIVER",1,"D, CLASS D VEHICLES",0,0,"D, CLASS D VEHICLES",1,1,1,1,0,0,0,0,0,1,0,0,0,0
"253",2015,1,3,19,"MALE","MALE","Saturday","ANGLE","ROADWAY","COLLISION WITH MOTOR VEHICLE IN TRAFFIC","DARK - LIGHTED ROADWAY","SNOW","CLEAR","TRAFFIC CONTROL SIGNAL","YES","SNOW","FOUR WAY INTERSECTION","TWO-WAY, NOT DIVIDED","INTERSECTION","NORTHBOUND","EASTBOUND","EASTBOUND",1,0,"TRAVELING STRAIGHT AHEAD","1","RIGHT FRONT",0,1,0,"TURNING LEFT","2","RIGHT REAR",0,"OPERATOR/DRIVER",1,"D, CLASS D VEHICLES",1,1,"D, CLASS D VEHICLES",1,0,0,1,0,0,0,0,0,1,0,0,0,0
"254",2015,1,24,4,"FEMALE","FEMALE","Saturday","REAR-END","ROADWAY","COLLISION WITH PARKED MOTOR VEHICLE","DARK - LIGHTED ROADWAY","CLEAR","CLEAR","NO CONTROLS","YES","DRY","NOT AT INTERSECTION","TWO-WAY, DIVIDED, UNPROTECTED MEDIAN","NON INTERSECTION","EASTBOUND","NORTHBOUND","EASTBOUND",1,1,"TRAVELING STRAIGHT AHEAD","0","REAR CENTER",1,1,1,"PARKED","0","CENTER FRONT",1,"UNINVOLVED OWNER",1,"D, CLASS D VEHICLES",1,1,"D, CLASS D VEHICLES",1,0,0,1,0,1,0,1,1,1,0,1,0,1
"255",2016,5,19,9,"MALE","FEMALE","Thursday","ANGLE","ROADWAY","COLLISION WITH MOTOR VEHICLE IN TRAFFIC","DAYLIGHT","CLOUDY","CLEAR","NO CONTROLS","YES","DRY","NOT AT INTERSECTION","TWO-WAY, NOT DIVIDED","NON INTERSECTION","EASTBOUND","NORTHBOUND","EASTBOUND",0,0,"TURNING LEFT","1","LEFT SIDE",0,1,0,"OTHER","1","RIGHT FRONT",0,"OPERATOR/DRIVER",0,"OTHER",0,1,"D, CLASS D VEHICLES",1,0,0,1,0,1,0,1,1,0,0,0,0,0
"256",2015,9,19,4,"MALE","MALE","Saturday","HEAD ON","ROADWAY","COLLISION WITH PARKED MOTOR VEHICLE","DARK - LIGHTED ROADWAY","CLEAR","CLEAR","NO CONTROLS","YES","DRY","NOT AT INTERSECTION","TWO-WAY, DIVIDED, UNPROTECTED MEDIAN","NON INTERSECTION","EASTBOUND","NORTHBOUND","WESTBOUND",0,1,"OTHER","1","RIGHT FRONT",0,1,0,"PARKED","0","RIGHT FRONT",1,"OTHER",1,"D, CLASS D VEHICLES",0,1,"D, CLASS D VEHICLES",0,0,0,1,0,1,0,1,1,0,1,1,0,0
"257",2015,6,5,15,"FEMALE","FEMALE","Friday","REAR-END","ROADWAY","COLLISION WITH MOTOR VEHICLE IN TRAFFIC","DAYLIGHT","CLOUDY","CLEAR","TRAFFIC CONTROL SIGNAL","YES","DRY","T-INTERSECTION","TWO-WAY, DIVIDED, UNPROTECTED MEDIAN","INTERSECTION","WESTBOUND","NORTHBOUND","EASTBOUND",1,0,"SLOWING OR STOPPED IN TRAFFIC","1","CENTER FRONT",0,1,0,"BACKING","2","RIGHT REAR",0,"OPERATOR/DRIVER",1,"D, CLASS D VEHICLES",1,1,"D, CLASS D VEHICLES",1,0,1,1,0,0,0,0,1,1,0,0,0,0
"258",2015,2,18,19,"MALE","FEMALE","Wednesday","ANGLE","ROADWAY","COLLISION WITH MOTOR VEHICLE IN TRAFFIC","DARK - LIGHTED ROADWAY","CLEAR","CLEAR","STOP SIGNS","YES","SNOW","FOUR WAY INTERSECTION","TWO-WAY, NOT DIVIDED","INTERSECTION","NORTHBOUND","EASTBOUND","EASTBOUND",1,0,"TRAVELING STRAIGHT AHEAD","1","LEFT REAR",0,1,0,"TRAVELING STRAIGHT AHEAD","1","RIGHT FRONT",0,"OPERATOR/DRIVER",1,"D, CLASS D VEHICLES",1,1,"D, CLASS D VEHICLES",1,0,0,1,0,0,0,0,0,1,0,0,0,0
"259",2016,5,2,12,"MALE","MALE","Monday","ANGLE","ROADWAY","COLLISION WITH MOTOR VEHICLE IN TRAFFIC","DAYLIGHT","RAIN","CLOUDY","NO CONTROLS","YES","WET","OTHER","TWO-WAY, NOT DIVIDED","NON INTERSECTION","EASTBOUND","NORTHBOUND","NORTHBOUND",1,0,"TURNING LEFT","1","RIGHT FRONT",0,1,0,"TRAVELING STRAIGHT AHEAD","1","LEFT FRONT",0,"OPERATOR/DRIVER",1,"D, CLASS D VEHICLES",1,1,"D, CLASS D VEHICLES",1,0,0,0,0,1,0,1,1,0,0,0,0,0
"260",2015,6,23,10,"FEMALE","MALE","Tuesday","ANGLE","ROADWAY","COLLISION WITH MOTOR VEHICLE IN TRAFFIC","DAYLIGHT","CLOUDY","CLEAR","NO CONTROLS","YES","DRY","NOT AT INTERSECTION","TWO-WAY, DIVIDED, POSITIVE MEDIAN BARRIER","NON INTERSECTION","EASTBOUND","NORTHBOUND","EASTBOUND",1,0,"TRAVELING STRAIGHT AHEAD","2","RIGHT SIDE",0,1,0,"ENTERING TRAFFIC LANE","1","LEFT FRONT",0,"OPERATOR/DRIVER",1,"D, CLASS D VEHICLES",1,1,"D, CLASS D VEHICLES",1,0,0,1,0,1,0,1,1,1,0,0,0,0
"261",2016,5,26,9,"MALE","MALE","Thursday","ANGLE","ROADWAY","COLLISION WITH MOTOR VEHICLE IN TRAFFIC","DAYLIGHT","CLEAR","CLEAR","TRAFFIC CONTROL SIGNAL","YES","DRY","FOUR WAY INTERSECTION","TWO-WAY, NOT DIVIDED","INTERSECTION","EASTBOUND","NORTHBOUND","EASTBOUND",1,0,"TRAVELING STRAIGHT AHEAD","2","LEFT REAR",0,1,0,"TURNING LEFT","2","RIGHT FRONT",0,"OPERATOR/DRIVER",1,"D, CLASS D VEHICLES",0,1,"D, CLASS D VEHICLES",1,0,0,1,0,0,1,1,1,1,0,0,0,0
"262",2016,4,8,11,"MALE","MALE","Friday","SIDESWIPE, SAME DIRECTION","ROADWAY","COLLISION WITH MOTOR VEHICLE IN TRAFFIC","DAYLIGHT","CLEAR","CLEAR","NO CONTROLS","YES","DRY","NOT AT INTERSECTION","TWO-WAY, NOT DIVIDED","NON INTERSECTION","EASTBOUND","NORTHBOUND","EASTBOUND",1,0,"ENTERING TRAFFIC LANE","1","LEFT FRONT",0,1,0,"TRAVELING STRAIGHT AHEAD","2","RIGHT FRONT",0,"OPERATOR/DRIVER",1,"D, CLASS D VEHICLES",0,0,"D, CLASS D VEHICLES",0,0,0,0,0,1,0,1,1,0,0,0,0,0
"263",2015,5,23,18,"MALE","MALE","Saturday","SIDESWIPE, SAME DIRECTION","ROADWAY","COLLISION WITH MOTOR VEHICLE IN TRAFFIC","DAYLIGHT","CLEAR","CLEAR","NO CONTROLS","YES","DRY","NOT AT INTERSECTION","ONE-WAY, NOT DIVIDED","NON INTERSECTION","EASTBOUND","NORTHBOUND","SOUTHBOUND",1,0,"TRAVELING STRAIGHT AHEAD","1","RIGHT SIDE",0,1,0,"ENTERING TRAFFIC LANE","1","LEFT FRONT",0,"OPERATOR/DRIVER",1,"D, CLASS D VEHICLES",1,1,"D, CLASS D VEHICLES",0,0,0,1,0,1,0,1,1,0,0,0,0,1
"264",2015,2,20,8,"MALE","MALE","Friday","REAR-END","ROADWAY","COLLISION WITH MOTOR VEHICLE IN TRAFFIC","DAYLIGHT","CLEAR","CLEAR","NO CONTROLS","YES","WET","NOT AT INTERSECTION","TWO-WAY, NOT DIVIDED","NON INTERSECTION","EASTBOUND","NORTHBOUND","EASTBOUND",1,0,"BACKING","1","LEFT REAR",0,0,0,"TRAVELING STRAIGHT AHEAD","1","LEFT FRONT",0,"OPERATOR/DRIVER",1,"D, CLASS D VEHICLES",1,0,"D, CLASS D VEHICLES",0,0,1,1,0,1,0,1,1,0,0,0,0,0
"265",2016,5,6,17,"FEMALE","MALE","Friday","SIDESWIPE, OPPOSITE DIRECTION","ROADWAY","COLLISION WITH PARKED MOTOR VEHICLE","DAYLIGHT","CLOUDY","CLEAR","NO CONTROLS","YES","DRY","NOT AT INTERSECTION","TWO-WAY, DIVIDED, UNPROTECTED MEDIAN","NON INTERSECTION","EASTBOUND","NORTHBOUND","NORTHBOUND",1,0,"PARKED","1","LEFT SIDE",1,1,1,"BACKING","1","RIGHT REAR",0,"OPERATOR/DRIVER",1,"D, CLASS D VEHICLES",0,1,"D, CLASS D VEHICLES",0,0,0,1,0,1,0,1,1,0,0,0,0,0
"266",2015,12,12,18,"MALE","MALE","Saturday","SIDESWIPE, OPPOSITE DIRECTION","ROADWAY","COLLISION WITH MOTOR VEHICLE IN TRAFFIC","DARK - LIGHTED ROADWAY","CLOUDY","CLEAR","STOP SIGNS","YES","DRY","FOUR WAY INTERSECTION","TWO-WAY, NOT DIVIDED","INTERSECTION","EASTBOUND","SOUTHBOUND","EASTBOUND",1,0,"TURNING LEFT","1","RIGHT REAR",1,1,0,"TRAVELING STRAIGHT AHEAD","2","RIGHT FRONT",1,"OPERATOR/DRIVER",1,"D, CLASS D VEHICLES",1,1,"D, CLASS D VEHICLES",1,0,0,0,0,0,0,0,0,1,0,1,0,0
"267",2015,3,11,0,"MALE","FEMALE","Wednesday","UNKNOWN","UNKNOWN","OTHER","DARK - LIGHTED ROADWAY","RAIN","CLEAR","TRAFFIC CONTROL SIGNAL","YES","WET","T-INTERSECTION","TWO-WAY, NOT DIVIDED","INTERSECTION","EASTBOUND","WESTBOUND","EASTBOUND",1,0,"TURNING LEFT","1","CENTER FRONT",0,1,0,"TRAVELING STRAIGHT AHEAD","1","CENTER FRONT",0,"OPERATOR/DRIVER",1,"D, CLASS D VEHICLES",1,1,"D, CLASS D VEHICLES",1,0,0,1,0,0,0,0,0,1,0,0,0,0
"268",2015,1,11,12,"FEMALE","MALE","Sunday","ANGLE","ROADWAY","COLLISION WITH MOTOR VEHICLE IN TRAFFIC","DAYLIGHT","CLEAR","CLEAR","STOP SIGNS","YES","DRY","T-INTERSECTION","ONE-WAY, NOT DIVIDED","INTERSECTION","SOUTHBOUND","EASTBOUND","EASTBOUND",1,0,"TRAVELING STRAIGHT AHEAD","1","RIGHT REAR",0,1,0,"TURNING RIGHT","1","LEFT FRONT",0,"OPERATOR/DRIVER",1,"D, CLASS D VEHICLES",1,1,"D, CLASS D VEHICLES",0,0,0,1,0,0,0,0,0,1,0,1,0,0
"269",2016,4,5,21,"MALE","FEMALE","Tuesday","REAR-END","ROADWAY","COLLISION WITH MOTOR VEHICLE IN TRAFFIC","DUSK","CLEAR","CLEAR","NO CONTROLS","YES","DRY","NOT AT INTERSECTION","TWO-WAY, DIVIDED, POSITIVE MEDIAN BARRIER","NON INTERSECTION","EASTBOUND","NORTHBOUND","NORTHBOUND",1,0,"SLOWING OR STOPPED IN TRAFFIC","1","REAR CENTER",0,1,0,"TRAVELING STRAIGHT AHEAD","1","CENTER FRONT",0,"OPERATOR/DRIVER",1,"D, CLASS D VEHICLES",0,1,"D, CLASS D VEHICLES",0,0,1,1,0,1,0,1,1,0,0,1,0,0
"270",2016,4,16,22,"MALE","FEMALE","Saturday","ANGLE","ROADWAY","COLLISION WITH MOTOR VEHICLE IN TRAFFIC","DARK - LIGHTED ROADWAY","CLEAR","CLEAR","TRAFFIC CONTROL SIGNAL","YES","DRY","FOUR WAY INTERSECTION","TWO-WAY, DIVIDED, POSITIVE MEDIAN BARRIER","INTERSECTION","SOUTHBOUND","WESTBOUND","EASTBOUND",1,0,"TRAVELING STRAIGHT AHEAD","1","RIGHT FRONT",0,0,0,"TURNING LEFT","2","RIGHT FRONT",0,"UNINVOLVED OWNER",1,"D, CLASS D VEHICLES",1,1,"D, CLASS D VEHICLES",0,0,0,1,0,0,0,0,0,1,0,0,0,0
"271",2015,2,18,19,"MALE","FEMALE","Wednesday","REAR TO REAR","OUTSIDE ROADWAY","COLLISION WITH PARKED MOTOR VEHICLE","DAYLIGHT","CLOUDY","CLEAR","NO CONTROLS","YES","SNOW","NOT AT INTERSECTION","TWO-WAY, NOT DIVIDED","NON INTERSECTION","EASTBOUND","NORTHBOUND","EASTBOUND",1,1,"PARKED","0","LEFT REAR",1,1,0,"BACKING","1","RIGHT FRONT",1,"UNINVOLVED OWNER",1,"D, CLASS D VEHICLES",1,1,"D, CLASS D VEHICLES",1,0,0,1,0,1,1,1,1,1,0,0,0,0
"272",2015,4,28,20,"MALE","MALE","Tuesday","SIDESWIPE, SAME DIRECTION","ROADWAY","COLLISION WITH MOTOR VEHICLE IN TRAFFIC","DAYLIGHT","CLEAR","CLEAR","NO CONTROLS","YES","DRY","T-INTERSECTION","ONE-WAY, NOT DIVIDED","INTERSECTION","SOUTHBOUND","EASTBOUND","EASTBOUND",1,0,"OTHER","2","RIGHT FRONT",0,1,0,"OTHER","more_than2","LEFT FRONT",0,"OPERATOR/DRIVER",1,"D, CLASS D VEHICLES",1,1,"D, CLASS D VEHICLES",0,0,0,1,0,1,0,0,0,1,0,0,0,0
"273",2015,1,28,18,"FEMALE","MALE","Wednesday","ANGLE","ROADWAY","COLLISION WITH MOTOR VEHICLE IN TRAFFIC","DAYLIGHT","CLEAR","CLEAR","NO CONTROLS","YES","UNKNOWN","NOT AT INTERSECTION","TWO-WAY, NOT DIVIDED","NON INTERSECTION","EASTBOUND","NORTHBOUND","EASTBOUND",1,0,"OTHER","1","RIGHT FRONT",0,1,1,"TRAVELING STRAIGHT AHEAD","1","RIGHT FRONT",0,"OPERATOR/DRIVER",1,"D, CLASS D VEHICLES",0,1,"D, CLASS D VEHICLES",0,1,0,1,0,1,0,1,1,1,0,0,1,1
"274",2015,1,1,6,"FEMALE","FEMALE","Thursday","REAR-END","ROADWAY","COLLISION WITH MOTOR VEHICLE IN TRAFFIC","DARK - LIGHTED ROADWAY","CLEAR","CLEAR","TRAFFIC CONTROL SIGNAL","YES","DRY","FOUR WAY INTERSECTION","TWO-WAY, NOT DIVIDED","INTERSECTION","EASTBOUND","SOUTHBOUND","EASTBOUND",1,0,"SLOWING OR STOPPED IN TRAFFIC","1","REAR CENTER",0,1,0,"SLOWING OR STOPPED IN TRAFFIC","1","CENTER FRONT",0,"OPERATOR/DRIVER",1,"D, CLASS D VEHICLES",1,1,"D, CLASS D VEHICLES",1,0,0,1,0,0,1,0,0,1,0,0,0,0
"275",2016,5,19,17,"MALE","FEMALE","Thursday","SIDESWIPE, SAME DIRECTION","ROADWAY","COLLISION WITH MOTOR VEHICLE IN TRAFFIC","DAYLIGHT","CLOUDY","CLOUDY","NO CONTROLS","YES","DRY","NOT AT INTERSECTION","ONE-WAY, NOT DIVIDED","NON INTERSECTION","EASTBOUND","NORTHBOUND","SOUTHBOUND",1,0,"TRAVELING STRAIGHT AHEAD","1","RIGHT SIDE",0,1,0,"ENTERING TRAFFIC LANE","1","LEFT FRONT",0,"OPERATOR/DRIVER",1,"D, CLASS D VEHICLES",1,1,"D, CLASS D VEHICLES",1,0,1,0,0,1,0,1,1,0,0,0,0,0
"276",2016,1,4,20,"MALE","MALE","Monday","REAR-END","ROADWAY","COLLISION WITH MOTOR VEHICLE IN TRAFFIC","DARK - LIGHTED ROADWAY","CLEAR","CLEAR","NO CONTROLS","YES","DRY","FOUR WAY INTERSECTION","TWO-WAY, NOT DIVIDED","INTERSECTION","NORTHBOUND","SOUTHBOUND","EASTBOUND",1,0,"TRAVELING STRAIGHT AHEAD","1","CENTER FRONT",1,1,0,"TRAVELING STRAIGHT AHEAD","1","REAR CENTER",1,"OPERATOR/DRIVER",1,"D, CLASS D VEHICLES",1,1,"D, CLASS D VEHICLES",1,1,0,1,1,0,0,0,0,1,0,1,0,1
"277",2015,1,25,0,"MALE","MALE","Sunday","REAR-END","ROADWAY","COLLISION WITH MOTOR VEHICLE IN TRAFFIC","DARK - LIGHTED ROADWAY","CLOUDY","OTHER","TRAFFIC CONTROL SIGNAL","YES","SNOW","FOUR WAY INTERSECTION","TWO-WAY, DIVIDED, POSITIVE MEDIAN BARRIER","INTERSECTION","SOUTHBOUND","NORTHBOUND","EASTBOUND",1,0,"TRAVELING STRAIGHT AHEAD","1","RIGHT FRONT",0,1,0,"SLOWING OR STOPPED IN TRAFFIC","1","LEFT REAR",0,"OPERATOR/DRIVER",1,"D, CLASS D VEHICLES",0,1,"D, CLASS D VEHICLES",1,0,0,0,0,0,0,0,1,1,0,0,0,0
"278",2015,10,16,16,"MALE","MALE","Friday","SIDESWIPE, OPPOSITE DIRECTION","ROADWAY","COLLISION WITH MOTOR VEHICLE IN TRAFFIC","DAYLIGHT","CLEAR","CLEAR","NO CONTROLS","YES","DRY","NOT AT INTERSECTION","ONE-WAY, NOT DIVIDED","NON INTERSECTION","EASTBOUND","NORTHBOUND","EASTBOUND",0,0,"TRAVELING STRAIGHT AHEAD","more_than2","LEFT SIDE",1,1,0,"ENTERING TRAFFIC LANE","1","LEFT FRONT",1,"OPERATOR/DRIVER",1,"D, CLASS D VEHICLES",0,1,"D, CLASS D VEHICLES",1,0,0,1,0,1,0,1,1,1,0,1,0,1
"279",2015,10,31,20,"MALE","FEMALE","Saturday","SIDESWIPE, SAME DIRECTION","ROADWAY","COLLISION WITH MOTOR VEHICLE IN TRAFFIC","DARK - LIGHTED ROADWAY","CLEAR","CLEAR","NO CONTROLS","YES","DRY","Y-INTERSECTION","TWO-WAY, NOT DIVIDED","INTERSECTION","WESTBOUND","SOUTHBOUND","EASTBOUND",1,0,"TRAVELING STRAIGHT AHEAD","1","RIGHT REAR",1,1,0,"OTHER","1","LEFT FRONT",1,"OPERATOR/DRIVER",1,"D, CLASS D VEHICLES",0,1,"D, CLASS D VEHICLES",0,1,1,1,1,1,1,0,0,1,0,1,0,1
"280",2016,1,17,21,"FEMALE","MALE","Sunday","ANGLE","ROADWAY","OTHER","DARK - LIGHTED ROADWAY","SNOW","OTHER","STOP SIGNS","YES","SNOW","T-INTERSECTION","TWO-WAY, DIVIDED, UNPROTECTED MEDIAN","INTERSECTION","WESTBOUND","NORTHBOUND","WESTBOUND",1,0,"SLOWING OR STOPPED IN TRAFFIC","1","LEFT SIDE",0,1,0,"TRAVELING STRAIGHT AHEAD","1","CENTER FRONT",0,"OPERATOR/DRIVER",1,"D, CLASS D VEHICLES",0,1,"D, CLASS D VEHICLES",0,0,0,0,0,0,0,0,0,0,0,0,0,0
"281",2015,9,16,14,"MALE","MALE","Wednesday","ANGLE","ROADSIDE","COLLISION WITH PARKED MOTOR VEHICLE","DAYLIGHT","CLEAR","CLEAR","NO CONTROLS","NO","DRY","NOT AT INTERSECTION","ONE-WAY, NOT DIVIDED","NON INTERSECTION","EASTBOUND","NORTHBOUND","NORTHBOUND",1,0,"TRAVELING STRAIGHT AHEAD","1","RIGHT FRONT",0,1,0,"PARKED","0","LEFT REAR",1,"OPERATOR/DRIVER",1,"D, CLASS D VEHICLES",0,1,"D, CLASS D VEHICLES",0,0,0,1,0,0,0,1,1,0,0,1,0,1
"282",2015,5,19,21,"FEMALE","MALE","Tuesday","REAR-END","ROADWAY","COLLISION WITH MOTOR VEHICLE IN TRAFFIC","DAYLIGHT","CLEAR","CLEAR","NO CONTROLS","YES","DRY","NOT AT INTERSECTION","TWO-WAY, NOT DIVIDED","NON INTERSECTION","EASTBOUND","NORTHBOUND","EASTBOUND",1,0,"SLOWING OR STOPPED IN TRAFFIC","1","RIGHT REAR",0,1,0,"SLOWING OR STOPPED IN TRAFFIC","1","CENTER FRONT",0,"OPERATOR/DRIVER",1,"D, CLASS D VEHICLES",1,1,"D, CLASS D VEHICLES",1,0,1,1,0,1,0,1,1,1,0,1,0,1
"283",2015,5,26,7,"MALE","MALE","Tuesday","REAR-END","ROADWAY","COLLISION WITH MOTOR VEHICLE IN TRAFFIC","DAYLIGHT","CLEAR","CLEAR","TRAFFIC CONTROL SIGNAL","YES","DRY","FOUR WAY INTERSECTION","TWO-WAY, DIVIDED, UNPROTECTED MEDIAN","INTERSECTION","WESTBOUND","NORTHBOUND","EASTBOUND",0,0,"SLOWING OR STOPPED IN TRAFFIC","1","LEFT REAR",1,1,0,"TRAVELING STRAIGHT AHEAD","1","CENTER FRONT",0,"OPERATOR/DRIVER",0,"D, CLASS D VEHICLES",1,1,"D, CLASS D VEHICLES",1,0,1,0,0,0,0,0,1,1,0,0,0,0
"284",2015,6,15,9,"MALE","FEMALE","Monday","REAR-END","ROADWAY","COLLISION WITH MOTOR VEHICLE IN TRAFFIC","DAYLIGHT","RAIN","CLOUDY","NO CONTROLS","YES","WET","NOT AT INTERSECTION","TWO-WAY, NOT DIVIDED","NON INTERSECTION","EASTBOUND","NORTHBOUND","EASTBOUND",1,0,"TRAVELING STRAIGHT AHEAD","1","CENTER FRONT",0,1,0,"SLOWING OR STOPPED IN TRAFFIC","1","REAR CENTER",0,"OPERATOR/DRIVER",1,"D, CLASS D VEHICLES",1,1,"D, CLASS D VEHICLES",1,0,0,0,0,1,0,1,1,1,0,1,0,1