"","year","month","day","hour","P1.Sex","P2.Sex","Day.of.Week","Manner.of.Collision","First.Harmful.Event.Location","First.Harmful.Event","Ambient.Light","Weather.Condition.1","Weather.Condition.2","Traffic.Control.Device.Type","Traffic.Control.Device.Functionality","Road.Surface.Condition","Roadway.Junction.Type","Trafficway.Description","Street.or.Intersection","Intersection.Direction.1","Intersection.Direction.2","Street.Direction","v1.State.Code","V1.Hit.and.Run","V1.Action.Prior.to.Crash","V1.Occupant.Count","V1.Most.Damaged.Area","V1.Travel.Direction","V2.State.Code","V2.Hit.and.Run","V2.Action.Prior.to.Crash","V2.Occupant.Count","V2.Most.Damaged.Area","V2.Travel.Direction","P1.Role","P1.Drivers.Lic.State","P1.Drivers.Lic.Class.1","P1.Veh.Owner","P2.Drivers.Lic.State","P2.Drivers.Lic.Class.1","P2.Veh.Owner","First.Harmful.Event.LocationNA","First.Harmful.EventNA","Weather.Condition.2NA","Traffic.Control.Device.TypeNA","Traffic.Control.Device.FunctionalityNA","Trafficway.DescriptionNA","Intersection.Direction.1NA","Intersection.Direction.2NA","Street.DirectionNA","P1.Drivers.Lic.StateNA","P1.Drivers.Lic.Class.1NA","P2.Drivers.Lic.StateNA","P2.Drivers.Lic.Class.1NA"
"611",2018,5,1,9,"FEMALE","MALE","Tuesday","REAR-END","ROADWAY","COLLISION WITH MOTOR VEHICLE IN TRAFFIC","DAYLIGHT","CLEAR","CLEAR","TRAFFIC CONTROL SIGNAL","YES","DRY","FOUR WAY INTERSECTION","TWO-WAY, NOT DIVIDED","INTERSECTION","WESTBOUND","EASTBOUND","EASTBOUND",1,0,"TURNING RIGHT","1","LEFT REAR",0,1,0,"TRAVELING STRAIGHT AHEAD","1","CENTER FRONT",0,"OPERATOR/DRIVER",1,"D, CLASS D VEHICLES",1,1,"D, CLASS D VEHICLES",1,0,0,1,0,0,0,0,0,1,0,0,0,0
"612",2019,3,11,20,"MALE","MALE","Monday","ANGLE","ROADWAY","COLLISION WITH MOTOR VEHICLE IN TRAFFIC","DARK - LIGHTED ROADWAY","CLEAR","CLEAR","STOP SIGNS","YES","DRY","T-INTERSECTION","TWO-WAY, DIVIDED, UNPROTECTED MEDIAN","INTERSECTION","SOUTHBOUND","WESTBOUND","EASTBOUND",1,0,"TRAVELING STRAIGHT AHEAD","1","CENTER FRONT",0,1,0,"TURNING LEFT","1","LEFT FRONT",0,"OPERATOR/DRIVER",1,"D, CLASS D VEHICLES",1,1,"D, CLASS D VEHICLES",1,0,0,1,0,0,0,0,0,1,0,0,0,0
"613",2017,12,31,20,"FEMALE","MALE","Sunday","ANGLE","ROADWAY","COLLISION WITH MOTOR VEHICLE IN TRAFFIC","DARK - LIGHTED ROADWAY","CLEAR","CLEAR","STOP SIGNS","YES","OTHER","T-INTERSECTION","UNKNOWN","INTERSECTION","WESTBOUND","SOUTHBOUND","EASTBOUND",1,0,"TRAVELING STRAIGHT AHEAD","1","CENTER FRONT",0,1,0,"TRAVELING STRAIGHT AHEAD","2","CENTER FRONT",0,"OPERATOR/DRIVER",1,"D, CLASS D VEHICLES",1,1,"D, CLASS D VEHICLES",1,0,0,1,0,0,0,0,0,1,0,0,0,0
"614",2017,11,17,8,"MALE","MALE","Friday","SIDESWIPE, SAME DIRECTION","ROADWAY","COLLISION WITH MOTOR VEHICLE IN TRAFFIC","DAYLIGHT","CLEAR","CLEAR","TRAFFIC CONTROL SIGNAL","YES","DRY","NOT AT INTERSECTION","TWO-WAY, NOT DIVIDED","NON INTERSECTION","SOUTHBOUND","SOUTHBOUND","SOUTHBOUND",1,0,"MAKING U-TURN","1","LEFT FRONT",0,1,0,"TRAVELING STRAIGHT AHEAD","2","RIGHT FRONT",0,"OPERATOR/DRIVER",1,"D, CLASS D VEHICLES",1,1,"D, CLASS D VEHICLES",1,0,0,0,0,0,0,0,0,0,0,0,0,0
"615",2019,3,11,18,"MALE","MALE","Monday","REAR-END","ROADWAY","COLLISION WITH MOTOR VEHICLE IN TRAFFIC","DUSK","CLEAR","CLEAR","TRAFFIC CONTROL SIGNAL","YES","DRY","NOT AT INTERSECTION","TWO-WAY, DIVIDED, POSITIVE MEDIAN BARRIER","NON INTERSECTION","EASTBOUND","NORTHBOUND","WESTBOUND",1,0,"SLOWING OR STOPPED IN TRAFFIC","2","RIGHT REAR",0,1,1,"TRAVELING STRAIGHT AHEAD","1","CENTER FRONT",0,"OPERATOR/DRIVER",1,"D, CLASS D VEHICLES",1,1,"D, CLASS D VEHICLES",1,0,0,1,0,0,0,1,1,0,0,0,0,0
"616",2017,12,4,20,"MALE","FEMALE","Monday","ANGLE","ROADWAY","COLLISION WITH MOTOR VEHICLE IN TRAFFIC","DUSK","CLEAR","CLEAR","STOP SIGNS","YES","WET","T-INTERSECTION","TWO-WAY, NOT DIVIDED","INTERSECTION","SOUTHBOUND","WESTBOUND","EASTBOUND",1,0,"TRAVELING STRAIGHT AHEAD","1","LEFT SIDE",0,1,0,"TRAVELING STRAIGHT AHEAD","more_than2","CENTER FRONT",0,"OPERATOR/DRIVER",1,"D, CLASS D VEHICLES",1,1,"D, CLASS D VEHICLES",1,0,0,1,0,0,0,0,0,1,0,0,0,0
"617",2018,1,18,8,"MALE","FEMALE","Thursday","REAR-END","UNKNOWN","COLLISION WITH PARKED MOTOR VEHICLE","DAYLIGHT","CLEAR","CLEAR","NO CONTROLS","YES","DRY","NOT AT INTERSECTION","TWO-WAY, NOT DIVIDED","NON INTERSECTION","EASTBOUND","NORTHBOUND","WESTBOUND",1,1,"PARKED","1","CENTER FRONT",0,1,1,"BACKING","1","OTHER",0,"OPERATOR/DRIVER",1,"D, CLASS D VEHICLES",1,1,"D, CLASS D VEHICLES",1,0,0,1,0,0,0,1,1,0,0,0,0,0
"618",2018,6,3,18,"MALE","MALE","Sunday","ANGLE","ROADWAY","COLLISION WITH MOTOR VEHICLE IN TRAFFIC","DAYLIGHT","CLEAR","CLEAR","STOP SIGNS","YES","DRY","FOUR WAY INTERSECTION","TWO-WAY, NOT DIVIDED","INTERSECTION","EASTBOUND","SOUTHBOUND","EASTBOUND",1,0,"TRAVELING STRAIGHT AHEAD","1","RIGHT FRONT",0,1,0,"TRAVELING STRAIGHT AHEAD","more_than2","LEFT SIDE",0,"OPERATOR/DRIVER",1,"D, CLASS D VEHICLES",1,1,"D, CLASS D VEHICLES",0,0,0,1,0,0,0,0,0,1,0,0,0,0
"619",2018,11,6,16,"FEMALE","FEMALE","Tuesday","REAR-END","ROADWAY","COLLISION WITH MOTOR VEHICLE IN TRAFFIC","DAYLIGHT","RAIN","CLEAR","NO CONTROLS","YES","WET","T-INTERSECTION","TWO-WAY, DIVIDED, UNPROTECTED MEDIAN","INTERSECTION","EASTBOUND","SOUTHBOUND","EASTBOUND",0,0,"SLOWING OR STOPPED IN TRAFFIC","1","RIGHT REAR",0,1,0,"TRAVELING STRAIGHT AHEAD","1","RIGHT FRONT",0,"OPERATOR/DRIVER",1,"UNKNOWN",1,1,"UNKNOWN",0,0,0,1,0,1,0,0,0,1,0,0,0,0
"620",2018,7,5,1,"MALE","MALE","Thursday","REAR-END","ROADWAY","COLLISION WITH MOTOR VEHICLE IN TRAFFIC","DARK - LIGHTED ROADWAY","CLOUDY","CLEAR","TRAFFIC CONTROL SIGNAL","YES","DRY","Y-INTERSECTION","ONE-WAY, NOT DIVIDED","INTERSECTION","WESTBOUND","NORTHBOUND","EASTBOUND",1,0,"TRAVELING STRAIGHT AHEAD","1","CENTER FRONT",0,1,0,"SLOWING OR STOPPED IN TRAFFIC","1","REAR CENTER",0,"OPERATOR/DRIVER",1,"D, CLASS D VEHICLES",0,1,"D, CLASS D VEHICLES",0,0,0,1,0,0,0,0,0,1,0,0,0,0
"621",2018,1,29,17,"FEMALE","FEMALE","Monday","ANGLE","ROADWAY","COLLISION WITH MOTOR VEHICLE IN TRAFFIC","DAYLIGHT","CLOUDY","CLEAR","STOP SIGNS","YES","DRY","T-INTERSECTION","TWO-WAY, NOT DIVIDED","INTERSECTION","WESTBOUND","NORTHBOUND","EASTBOUND",1,0,"TRAVELING STRAIGHT AHEAD","1","CENTER FRONT",0,1,0,"TRAVELING STRAIGHT AHEAD","1","RIGHT SIDE",0,"OPERATOR/DRIVER",1,"D, CLASS D VEHICLES",1,1,"D, CLASS D VEHICLES",1,0,0,1,0,0,0,0,0,1,0,0,0,0
"622",2019,4,19,0,"MALE","MALE","Friday","SIDESWIPE, SAME DIRECTION","ROADWAY","COLLISION WITH MOTOR VEHICLE IN TRAFFIC","DARK - LIGHTED ROADWAY","OTHER","OTHER","TRAFFIC CONTROL SIGNAL","YES","OTHER","Y-INTERSECTION","TWO-WAY, DIVIDED, UNPROTECTED MEDIAN","INTERSECTION","EASTBOUND","EASTBOUND","EASTBOUND",1,0,"TRAVELING STRAIGHT AHEAD","1","LEFT FRONT",0,1,0,"TRAVELING STRAIGHT AHEAD","1","RIGHT FRONT",0,"OPERATOR/DRIVER",1,"D, CLASS D VEHICLES",1,1,"D, CLASS D VEHICLES",1,0,0,0,0,0,0,0,0,1,0,0,0,0
"623",2018,12,29,17,"FEMALE","MALE","Saturday","SIDESWIPE, SAME DIRECTION","ROADWAY","COLLISION WITH PARKED MOTOR VEHICLE","DAYLIGHT","CLEAR","CLEAR","NO CONTROLS","YES","DRY","NOT AT INTERSECTION","ONE-WAY, NOT DIVIDED","NON INTERSECTION","EASTBOUND","NORTHBOUND","WESTBOUND",1,0,"TRAVELING STRAIGHT AHEAD","2","RIGHT FRONT",0,0,0,"PARKED","1","LEFT SIDE",0,"OTHER",1,"D, CLASS D VEHICLES",0,0,"D, CLASS D VEHICLES",1,0,0,0,0,1,0,1,1,0,0,0,0,0
"624",2018,3,16,2,"MALE","MALE","Friday","ANGLE","ROADWAY","COLLISION WITH MOTOR VEHICLE IN TRAFFIC","DARK - LIGHTED ROADWAY","CLEAR","CLEAR","TRAFFIC CONTROL SIGNAL","YES","OTHER","FOUR WAY INTERSECTION","TWO-WAY, DIVIDED, UNPROTECTED MEDIAN","INTERSECTION","WESTBOUND","NORTHBOUND","EASTBOUND",1,0,"TRAVELING STRAIGHT AHEAD","1","LEFT SIDE",0,1,0,"TURNING LEFT","1","RIGHT FRONT",0,"OPERATOR/DRIVER",1,"D, CLASS D VEHICLES",0,1,"D, CLASS D VEHICLES",1,0,0,1,0,0,0,0,0,1,0,0,0,0
"625",2018,10,13,21,"MALE","MALE","Saturday","SIDESWIPE, SAME DIRECTION","UNKNOWN","COLLISION WITH MOTOR VEHICLE IN TRAFFIC","DARK - LIGHTED ROADWAY","CLEAR","CLEAR","NO CONTROLS","YES","DRY","NOT AT INTERSECTION","ONE-WAY, NOT DIVIDED","NON INTERSECTION","EASTBOUND","NORTHBOUND","WESTBOUND",1,0,"TRAVELING STRAIGHT AHEAD","2","LEFT FRONT",0,1,0,"TRAVELING STRAIGHT AHEAD","1","RIGHT FRONT",0,"OPERATOR/DRIVER",1,"D, CLASS D VEHICLES",1,1,"D, CLASS D VEHICLES",1,0,0,0,0,1,0,1,1,0,0,0,0,0
"626",2017,12,27,16,"MALE","MALE","Wednesday","ANGLE","ROADWAY","COLLISION WITH MOTOR VEHICLE IN TRAFFIC","DAYLIGHT","CLEAR","OTHER","TRAFFIC CONTROL SIGNAL","YES","WET","Y-INTERSECTION","TWO-WAY, DIVIDED, POSITIVE MEDIAN BARRIER","INTERSECTION","WESTBOUND","SOUTHBOUND","EASTBOUND",1,1,"TURNING LEFT","1","RIGHT FRONT",0,1,0,"TURNING LEFT","1","LEFT SIDE",0,"OPERATOR/DRIVER",1,"D, CLASS D VEHICLES",1,1,"D, CLASS D VEHICLES",1,0,0,0,0,0,0,0,0,1,0,0,0,0
"627",2018,11,18,11,"MALE","FEMALE","Sunday","SIDESWIPE, SAME DIRECTION","ROADWAY","COLLISION WITH MOTOR VEHICLE IN TRAFFIC","DAYLIGHT","CLOUDY","CLOUDY","NO CONTROLS","YES","DRY","NOT AT INTERSECTION","TWO-WAY, DIVIDED, UNPROTECTED MEDIAN","NON INTERSECTION","EASTBOUND","NORTHBOUND","EASTBOUND",1,1,"PARKED","0","LEFT REAR",0,1,1,"TRAVELING STRAIGHT AHEAD","1","OTHER",0,"UNINVOLVED OWNER",1,"D, CLASS D VEHICLES",1,1,"UNKNOWN",1,0,0,0,0,1,0,1,1,0,0,0,0,0
"628",2018,3,8,16,"MALE","MALE","Thursday","ANGLE","ROADWAY","COLLISION WITH MOTOR VEHICLE IN TRAFFIC","DAYLIGHT","CLOUDY","OTHER","NO CONTROLS","YES","WET","NOT AT INTERSECTION","TWO-WAY, DIVIDED, UNPROTECTED MEDIAN","NON INTERSECTION","EASTBOUND","NORTHBOUND","WESTBOUND",1,0,"TRAVELING STRAIGHT AHEAD","2","RIGHT FRONT",0,1,0,"ENTERING TRAFFIC LANE","2","RIGHT FRONT",0,"OPERATOR/DRIVER",1,"D, CLASS D VEHICLES",1,1,"D, CLASS D VEHICLES",0,0,0,0,0,1,0,1,1,0,0,0,0,0
"629",2018,2,12,16,"FEMALE","MALE","Monday","ANGLE","ROADWAY","COLLISION WITH MOTOR VEHICLE IN TRAFFIC","DAYLIGHT","CLEAR","CLEAR","NO CONTROLS","YES","DRY","NOT AT INTERSECTION","TWO-WAY, DIVIDED, POSITIVE MEDIAN BARRIER","NON INTERSECTION","EASTBOUND","NORTHBOUND","SOUTHBOUND",0,0,"TRAVELING STRAIGHT AHEAD","1","RIGHT SIDE",0,1,0,"ENTERING TRAFFIC LANE","1","LEFT FRONT",0,"OPERATOR/DRIVER",0,"D, CLASS D VEHICLES",1,1,"D, CLASS D VEHICLES",1,0,0,1,0,1,0,1,1,0,0,0,0,0
"630",2018,4,13,12,"MALE","FEMALE","Friday","REAR-END","ROADWAY","COLLISION WITH MOTOR VEHICLE IN TRAFFIC","DAYLIGHT","CLEAR","CLEAR","NO CONTROLS","YES","DRY","NOT AT INTERSECTION","TWO-WAY, NOT DIVIDED","NON INTERSECTION","EASTBOUND","NORTHBOUND","SOUTHBOUND",1,0,"TRAVELING STRAIGHT AHEAD","1","RIGHT FRONT",0,1,0,"BACKING","2","RIGHT REAR",0,"OPERATOR/DRIVER",1,"D, CLASS D VEHICLES",1,1,"D, CLASS D VEHICLES",1,0,0,1,0,1,0,1,1,0,0,0,0,0
"631",2019,4,17,19,"FEMALE","MALE","Wednesday","ANGLE","ROADWAY","COLLISION WITH MOTOR VEHICLE IN TRAFFIC","DAYLIGHT","OTHER","CLEAR","STOP SIGNS","YES","DRY","T-INTERSECTION","TWO-WAY, DIVIDED, UNPROTECTED MEDIAN","INTERSECTION","WESTBOUND","SOUTHBOUND","EASTBOUND",1,0,"TRAVELING STRAIGHT AHEAD","more_than2","RIGHT FRONT",0,1,0,"TRAVELING STRAIGHT AHEAD","1","RIGHT FRONT",0,"OPERATOR/DRIVER",1,"D, CLASS D VEHICLES",0,1,"D, CLASS D VEHICLES",1,0,0,0,0,0,0,0,0,1,0,0,0,0
"632",2017,11,27,19,"MALE","MALE","Monday","SIDESWIPE, SAME DIRECTION","ROADWAY","COLLISION WITH MOTOR VEHICLE IN TRAFFIC","DARK - LIGHTED ROADWAY","CLEAR","CLEAR","NO CONTROLS","NO","DRY","NOT AT INTERSECTION","TWO-WAY, NOT DIVIDED","NON INTERSECTION","EASTBOUND","NORTHBOUND","SOUTHBOUND",1,1,"TRAVELING STRAIGHT AHEAD","1","RIGHT SIDE",0,1,1,"ENTERING TRAFFIC LANE","1","OTHER",0,"OPERATOR/DRIVER",1,"D, CLASS D VEHICLES",1,1,"D, CLASS D VEHICLES",1,0,0,1,0,0,0,1,1,0,0,0,0,0
"633",2019,3,13,13,"MALE","FEMALE","Wednesday","REAR-END","ROADWAY","COLLISION WITH MOTOR VEHICLE IN TRAFFIC","DAYLIGHT","CLEAR","CLEAR","NO CONTROLS","NO","DRY","NOT AT INTERSECTION","TWO-WAY, DIVIDED, UNPROTECTED MEDIAN","NON INTERSECTION","EASTBOUND","NORTHBOUND","WESTBOUND",1,1,"BACKING","1","OTHER",0,0,1,"SLOWING OR STOPPED IN TRAFFIC","1","LEFT FRONT",0,"UNINVOLVED OWNER",1,"D, CLASS D VEHICLES",1,0,"D, CLASS D VEHICLES",0,0,0,1,0,0,0,1,1,0,1,1,0,0
"634",2018,7,26,10,"FEMALE","MALE","Thursday","SIDESWIPE, SAME DIRECTION","ROADWAY","COLLISION WITH MOTOR VEHICLE IN TRAFFIC","DAYLIGHT","CLOUDY","CLEAR","NO CONTROLS","YES","DRY","NOT AT INTERSECTION","TWO-WAY, NOT DIVIDED","NON INTERSECTION","EASTBOUND","NORTHBOUND","EASTBOUND",1,0,"TRAVELING STRAIGHT AHEAD","1","CENTER FRONT",0,1,0,"TRAVELING STRAIGHT AHEAD","2","LEFT FRONT",0,"OPERATOR/DRIVER",1,"D, CLASS D VEHICLES",1,1,"D, CLASS D VEHICLES",1,0,0,1,0,1,0,1,1,0,0,0,0,0
"635",2018,6,29,8,"FEMALE","FEMALE","Friday","SIDESWIPE, SAME DIRECTION","ROADWAY","COLLISION WITH MOTOR VEHICLE IN TRAFFIC","DAYLIGHT","CLEAR","CLEAR","NO CONTROLS","YES","DRY","NOT AT INTERSECTION","ONE-WAY, NOT DIVIDED","NON INTERSECTION","EASTBOUND","NORTHBOUND","WESTBOUND",0,0,"TRAVELING STRAIGHT AHEAD","1","RIGHT FRONT",0,1,0,"SLOWING OR STOPPED IN TRAFFIC","1","LEFT FRONT",0,"OPERATOR/DRIVER",1,"D, CLASS D VEHICLES",1,1,"D, CLASS D VEHICLES",1,0,0,1,0,1,0,1,1,0,0,0,0,0
"636",2017,12,13,17,"FEMALE","FEMALE","Wednesday","REAR-END","OTHER","COLLISION WITH PARKED MOTOR VEHICLE","DARK - LIGHTED ROADWAY","CLEAR","CLEAR","NO CONTROLS","YES","DRY","NOT AT INTERSECTION","ONE-WAY, NOT DIVIDED","NON INTERSECTION","EASTBOUND","NORTHBOUND","EASTBOUND",1,1,"BACKING","1","REAR CENTER",0,1,0,"PARKED","0","CENTER FRONT",0,"UNINVOLVED OWNER",1,"D, CLASS D VEHICLES",1,1,"D, CLASS D VEHICLES",1,0,0,0,0,1,0,1,1,0,0,0,0,0
"637",2018,12,24,16,"MALE","MALE","Monday","SIDESWIPE, OPPOSITE DIRECTION","ROADWAY","COLLISION WITH MOTOR VEHICLE IN TRAFFIC","DARK - LIGHTED ROADWAY","CLEAR","CLEAR","NO CONTROLS","YES","DRY","NOT AT INTERSECTION","TWO-WAY, NOT DIVIDED","NON INTERSECTION","EASTBOUND","NORTHBOUND","NORTHBOUND",1,0,"TRAVELING STRAIGHT AHEAD","1","LEFT FRONT",0,1,0,"TRAVELING STRAIGHT AHEAD","1","LEFT REAR",0,"OPERATOR/DRIVER",1,"D, CLASS D VEHICLES",1,1,"D, CLASS D VEHICLES",1,0,0,1,0,1,0,1,1,0,0,0,0,0
"638",2018,12,5,16,"MALE","FEMALE","Wednesday","REAR-END","ROADWAY","COLLISION WITH MOTOR VEHICLE IN TRAFFIC","DUSK","CLOUDY","CLEAR","TRAFFIC CONTROL SIGNAL","YES","DRY","NOT AT INTERSECTION","TWO-WAY, DIVIDED, POSITIVE MEDIAN BARRIER","NON INTERSECTION","EASTBOUND","NORTHBOUND","WESTBOUND",1,0,"SLOWING OR STOPPED IN TRAFFIC","1","LEFT REAR",0,1,1,"TRAVELING STRAIGHT AHEAD","1","OTHER",0,"OPERATOR/DRIVER",1,"D, CLASS D VEHICLES",1,1,"D, CLASS D VEHICLES",0,0,0,1,0,0,0,1,1,0,0,0,0,0
"639",2017,12,14,7,"MALE","FEMALE","Thursday","ANGLE","ROADWAY","COLLISION WITH MOTOR VEHICLE IN TRAFFIC","DAYLIGHT","CLOUDY","CLEAR","NO CONTROLS","YES","DRY","OTHER","ONE-WAY, NOT DIVIDED","NON INTERSECTION","EASTBOUND","NORTHBOUND","SOUTHBOUND",1,0,"ENTERING TRAFFIC LANE","1","RIGHT FRONT",0,1,0,"TRAVELING STRAIGHT AHEAD","1","LEFT FRONT",0,"OPERATOR/DRIVER",1,"D, CLASS D VEHICLES",1,1,"D, CLASS D VEHICLES",1,0,0,1,0,0,0,1,1,0,0,0,0,0
"640",2018,3,4,19,"FEMALE","FEMALE","Sunday","REAR-END","ROADWAY","COLLISION WITH MOTOR VEHICLE IN TRAFFIC","DARK - LIGHTED ROADWAY","SNOW","CLOUDY","NO CONTROLS","YES","WET","T-INTERSECTION","TWO-WAY, DIVIDED, UNPROTECTED MEDIAN","INTERSECTION","NORTHBOUND","NORTHBOUND","EASTBOUND",0,0,"TRAVELING STRAIGHT AHEAD","1","CENTER FRONT",0,1,0,"SLOWING OR STOPPED IN TRAFFIC","1","REAR CENTER",0,"OPERATOR/DRIVER",1,"D, CLASS D VEHICLES",0,1,"D, CLASS D VEHICLES",1,0,0,0,0,1,0,0,1,1,0,0,0,0
"641",2017,11,14,10,"FEMALE","MALE","Tuesday","ANGLE","ROADWAY","COLLISION WITH MOTOR VEHICLE IN TRAFFIC","DAYLIGHT","CLOUDY","CLEAR","STOP SIGNS","NO","WET","T-INTERSECTION","TWO-WAY, DIVIDED, UNPROTECTED MEDIAN","INTERSECTION","WESTBOUND","SOUTHBOUND","EASTBOUND",1,0,"TRAVELING STRAIGHT AHEAD","1","RIGHT FRONT",0,1,0,"TRAVELING STRAIGHT AHEAD","1","CENTER FRONT",0,"OPERATOR/DRIVER",1,"D, CLASS D VEHICLES",1,1,"D, CLASS D VEHICLES",0,0,0,1,0,0,0,0,0,1,0,0,0,0
"642",2018,3,24,22,"MALE","MALE","Saturday","SIDESWIPE, SAME DIRECTION","ROADWAY","COLLISION WITH MOTOR VEHICLE IN TRAFFIC","OTHER","CLEAR","CLEAR","NO CONTROLS","YES","DRY","T-INTERSECTION","TWO-WAY, NOT DIVIDED","INTERSECTION","NORTHBOUND","WESTBOUND","EASTBOUND",1,0,"TURNING RIGHT","1","LEFT FRONT",0,1,0,"TRAVELING STRAIGHT AHEAD","2","RIGHT FRONT",0,"OPERATOR/DRIVER",1,"D, CLASS D VEHICLES",1,1,"D, CLASS D VEHICLES",1,0,0,1,0,1,0,0,0,1,0,0,0,0
"643",2017,11,30,12,"FEMALE","MALE","Thursday","ANGLE","OUTSIDE ROADWAY","COLLISION WITH MOTOR VEHICLE IN TRAFFIC","DAYLIGHT","CLEAR","CLEAR","NO CONTROLS","YES","DRY","FOUR WAY INTERSECTION","TWO-WAY, NOT DIVIDED","INTERSECTION","EASTBOUND","NORTHBOUND","EASTBOUND",1,0,"TRAVELING STRAIGHT AHEAD","1","LEFT FRONT",0,1,0,"TRAVELING STRAIGHT AHEAD","1","RIGHT FRONT",0,"OPERATOR/DRIVER",1,"D, CLASS D VEHICLES",0,1,"D, CLASS D VEHICLES",1,0,0,1,0,1,0,0,1,1,0,0,0,0
"644",2018,1,3,22,"MALE","MALE","Wednesday","REAR-END","ROADWAY","COLLISION WITH MOTOR VEHICLE IN TRAFFIC","DARK - LIGHTED ROADWAY","OTHER","CLEAR","TRAFFIC CONTROL SIGNAL","YES","WET","FOUR WAY INTERSECTION","TWO-WAY, DIVIDED, POSITIVE MEDIAN BARRIER","INTERSECTION","NORTHBOUND","EASTBOUND","EASTBOUND",1,0,"TRAVELING STRAIGHT AHEAD","1","RIGHT REAR",0,1,0,"TRAVELING STRAIGHT AHEAD","1","RIGHT FRONT",0,"OPERATOR/DRIVER",1,"D, CLASS D VEHICLES",1,1,"D, CLASS D VEHICLES",1,0,0,1,0,0,0,0,0,1,0,0,0,0
"645",2018,12,19,18,"MALE","MALE","Wednesday","REAR-END","OUTSIDE ROADWAY","COLLISION WITH PARKED MOTOR VEHICLE","UNKNOWN","OTHER","CLEAR","NO CONTROLS","YES","DRY","NOT AT INTERSECTION","TWO-WAY, NOT DIVIDED","NON INTERSECTION","EASTBOUND","NORTHBOUND","SOUTHBOUND",0,1,"PARKED",NA,"RIGHT REAR",1,1,0,"UNKNOWN",NA,"LEFT FRONT",1,"UNINVOLVED OWNER",1,"D, CLASS D VEHICLES",1,1,"D, CLASS D VEHICLES",1,0,0,1,0,1,0,1,1,0,1,0,0,0
"646",2018,1,11,12,"FEMALE","MALE","Thursday","HEAD ON","ROADWAY","COLLISION WITH MOTOR VEHICLE IN TRAFFIC","DAYLIGHT","CLOUDY","CLEAR","NO CONTROLS","YES","WET","NOT AT INTERSECTION","TWO-WAY, NOT DIVIDED","NON INTERSECTION","EASTBOUND","NORTHBOUND","NORTHBOUND",0,0,"TRAVELING STRAIGHT AHEAD","1","RIGHT FRONT",0,1,0,"ENTERING TRAFFIC LANE","1","LEFT FRONT",0,"OPERATOR/DRIVER",0,"D, CLASS D VEHICLES",0,1,"D, CLASS D VEHICLES",0,0,0,1,0,1,0,1,1,0,0,0,0,0
"647",2017,12,11,11,"MALE","MALE","Monday","REAR-END","ROADWAY","COLLISION WITH MOTOR VEHICLE IN TRAFFIC","DAYLIGHT","CLEAR","CLEAR","NO CONTROLS","NO","WET","OTHER","TWO-WAY, DIVIDED, UNPROTECTED MEDIAN","NON INTERSECTION","NORTHBOUND","EASTBOUND","NORTHBOUND",1,0,"TRAVELING STRAIGHT AHEAD","1","RIGHT FRONT",0,1,0,"TRAVELING STRAIGHT AHEAD","1","LEFT REAR",0,"OPERATOR/DRIVER",1,"D, CLASS D VEHICLES",0,1,"D, CLASS D VEHICLES",0,0,0,1,0,0,0,0,0,0,0,0,0,0
"648",2018,2,14,8,"MALE","FEMALE","Wednesday","SIDESWIPE, OPPOSITE DIRECTION","ROADWAY","COLLISION WITH MOTOR VEHICLE IN TRAFFIC","DAYLIGHT","CLOUDY","CLEAR","STOP SIGNS","YES","DRY","T-INTERSECTION","ONE-WAY, NOT DIVIDED","INTERSECTION","EASTBOUND","NORTHBOUND","EASTBOUND",1,0,"TRAVELING STRAIGHT AHEAD","2","RIGHT FRONT",0,1,0,"TRAVELING STRAIGHT AHEAD","2","RIGHT REAR",0,"OPERATOR/DRIVER",1,"OTHER",1,1,"D, CLASS D VEHICLES",1,0,0,1,0,1,0,0,0,1,0,0,0,0
"649",2018,11,2,19,"FEMALE","MALE","Friday","ANGLE","ROADWAY","COLLISION WITH MOTOR VEHICLE IN TRAFFIC","DUSK","CLOUDY","OTHER","STOP SIGNS","YES","WET","T-INTERSECTION","TWO-WAY, NOT DIVIDED","INTERSECTION","NORTHBOUND","WESTBOUND","EASTBOUND",1,0,"TURNING RIGHT","more_than2","RIGHT FRONT",0,1,0,"OTHER","1","LEFT SIDE",0,"OPERATOR/DRIVER",1,"D, CLASS D VEHICLES",1,0,"D, CLASS D VEHICLES",0,0,0,0,0,0,0,0,0,1,0,0,0,0
"650",2018,10,3,18,"MALE","MALE","Wednesday","ANGLE","ROADWAY","COLLISION WITH MOTOR VEHICLE IN TRAFFIC","DUSK","CLEAR","CLEAR","STOP SIGNS","YES","DRY","T-INTERSECTION","UNKNOWN","INTERSECTION","NORTHBOUND","SOUTHBOUND","EASTBOUND",1,0,"ENTERING TRAFFIC LANE","2","RIGHT FRONT",1,1,0,"TRAVELING STRAIGHT AHEAD","1","CENTER FRONT",0,"OPERATOR/DRIVER",1,"D, CLASS D VEHICLES",1,1,"D, CLASS D VEHICLES",1,0,0,1,0,0,0,0,0,1,0,0,0,0
"651",2018,2,5,20,"MALE","MALE","Monday","SIDESWIPE, SAME DIRECTION","ROADWAY","COLLISION WITH MOTOR VEHICLE IN TRAFFIC","DARK - LIGHTED ROADWAY","CLEAR","CLEAR","TRAFFIC CONTROL SIGNAL","YES","DRY","T-INTERSECTION","TWO-WAY, DIVIDED, POSITIVE MEDIAN BARRIER","INTERSECTION","WESTBOUND","NORTHBOUND","EASTBOUND",1,0,"ENTERING TRAFFIC LANE","more_than2","LEFT FRONT",0,1,0,"TRAVELING STRAIGHT AHEAD","1","RIGHT REAR",0,"OPERATOR/DRIVER",1,"D, CLASS D VEHICLES",1,1,"D, CLASS D VEHICLES",1,0,0,1,0,0,0,0,0,1,0,0,0,0