"","year","month","day","hour","P1.Sex","P2.Sex","Day.of.Week","Manner.of.Collision","First.Harmful.Event.Location","First.Harmful.Event","Ambient.Light","Weather.Condition.1","Weather.Condition.2","Traffic.Control.Device.Type","Traffic.Control.Device.Functionality","Road.Surface.Condition","Roadway.Junction.Type","Trafficway.Description","Street.or.Intersection","Intersection.Direction.1","Intersection.Direction.2","Street.Direction","v1.State.Code","V1.Hit.and.Run","V1.Action.Prior.to.Crash","V1.Occupant.Count","V1.Most.Damaged.Area","V1.Travel.Direction","V2.State.Code","V2.Hit.and.Run","V2.Action.Prior.to.Crash","V2.Occupant.Count","V2.Most.Damaged.Area","V2.Travel.Direction","P1.Role","P1.Drivers.Lic.State","P1.Drivers.Lic.Class.1","P1.Veh.Owner","P2.Drivers.Lic.State","P2.Drivers.Lic.Class.1","P2.Veh.Owner","First.Harmful.Event.LocationNA","First.Harmful.EventNA","Weather.Condition.2NA","Traffic.Control.Device.TypeNA","Traffic.Control.Device.FunctionalityNA","Trafficway.DescriptionNA","Intersection.Direction.1NA","Intersection.Direction.2NA","Street.DirectionNA","P1.Drivers.Lic.StateNA","P1.Drivers.Lic.Class.1NA","P2.Drivers.Lic.StateNA","P2.Drivers.Lic.Class.1NA"
"1183",2021,11,23,19,"MALE","MALE","Tuesday","HEAD ON","ROADWAY","COLLISION WITH MOTOR VEHICLE IN TRAFFIC","DARK - LIGHTED ROADWAY","CLEAR","CLEAR","TRAFFIC CONTROL SIGNAL","YES","DRY","FOUR WAY INTERSECTION","TWO-WAY, DIVIDED, UNPROTECTED MEDIAN","INTERSECTION","NORTHBOUND","EASTBOUND","EASTBOUND",1,0,"TURNING LEFT","1","LEFT FRONT",0,1,0,"TRAVELING STRAIGHT AHEAD","1","LEFT FRONT",0,"OPERATOR/DRIVER",1,"D, CLASS D VEHICLES",1,1,"D, CLASS D VEHICLES",0,0,0,1,0,0,0,0,0,1,0,0,0,0
"1184",2021,6,23,9,"MALE","FEMALE","Wednesday","ANGLE","ROADWAY","COLLISION WITH MOTOR VEHICLE IN TRAFFIC","DAYLIGHT","CLEAR","CLEAR","STOP SIGNS","YES","DRY","FOUR WAY INTERSECTION","TWO-WAY, NOT DIVIDED","INTERSECTION","EASTBOUND","NORTHBOUND","EASTBOUND",1,0,"TRAVELING STRAIGHT AHEAD","1","LEFT FRONT",0,1,0,"SLOWING OR STOPPED IN TRAFFIC","1","CENTER FRONT",0,"OPERATOR/DRIVER",1,"D, CLASS D VEHICLES",1,1,"D, CLASS D VEHICLES",1,0,0,0,0,0,0,1,1,1,0,0,0,0
"1185",2021,4,9,11,"FEMALE","MALE","Friday","SIDESWIPE, SAME DIRECTION","ROADWAY","COLLISION WITH MOTOR VEHICLE IN TRAFFIC","DAYLIGHT","CLEAR","CLEAR","NO CONTROLS","YES","DRY","NOT AT INTERSECTION","TWO-WAY, NOT DIVIDED","NON INTERSECTION","EASTBOUND","NORTHBOUND","SOUTHBOUND",1,0,"TRAVELING STRAIGHT AHEAD","1","LEFT SIDE",0,1,0,"PARKED","1","LEFT SIDE",0,"OPERATOR/DRIVER",1,"D, CLASS D VEHICLES",0,1,"D, CLASS D VEHICLES",1,0,0,1,0,1,0,1,1,0,0,0,0,0
"1186",2022,10,15,1,"MALE","MALE","Saturday","REAR-END","ROADSIDE","COLLISION WITH MOTOR VEHICLE IN TRAFFIC","DARK - LIGHTED ROADWAY","CLEAR","OTHER","NO CONTROLS","YES","DRY","NOT AT INTERSECTION","TWO-WAY, DIVIDED, UNPROTECTED MEDIAN","NON INTERSECTION","EASTBOUND","NORTHBOUND","SOUTHBOUND",1,0,"TRAVELING STRAIGHT AHEAD","1","OTHER",0,0,0,"TRAVELING STRAIGHT AHEAD","more_than2","LEFT REAR",0,"OPERATOR/DRIVER",1,"D, CLASS D VEHICLES",0,1,"D, CLASS D VEHICLES",0,0,0,0,0,1,0,1,1,0,0,0,0,0
"1187",2022,4,3,1,"MALE","FEMALE","Sunday","SIDESWIPE, OPPOSITE DIRECTION","OUTSIDE ROADWAY","COLLISION WITH PARKED MOTOR VEHICLE","DARK - LIGHTED ROADWAY","CLEAR","CLEAR","NO CONTROLS","YES","DRY","NOT AT INTERSECTION","UNKNOWN","NON INTERSECTION","EASTBOUND","NORTHBOUND","SOUTHBOUND",1,0,"BACKING","1","LEFT REAR",0,0,0,"PARKED","1","RIGHT FRONT",0,"OPERATOR/DRIVER",1,"D, CLASS D VEHICLES",1,0,"D, CLASS D VEHICLES",1,0,0,1,0,1,0,1,1,0,0,0,0,0
"1188",2021,9,19,17,"FEMALE","MALE","Sunday","REAR-END","ROADWAY","COLLISION WITH MOTOR VEHICLE IN TRAFFIC","DAYLIGHT","CLEAR","CLEAR","TRAFFIC CONTROL SIGNAL","YES","DRY","NOT AT INTERSECTION","TWO-WAY, NOT DIVIDED","NON INTERSECTION","EASTBOUND","NORTHBOUND","NORTHBOUND",0,0,"TRAVELING STRAIGHT AHEAD","1","CENTER FRONT",0,0,0,"SLOWING OR STOPPED IN TRAFFIC","2","CENTER FRONT",0,"OPERATOR/DRIVER",0,"D, CLASS D VEHICLES",1,0,"D, CLASS D VEHICLES",1,0,0,1,0,0,0,1,1,0,0,0,0,0
"1189",2021,6,29,14,"FEMALE","FEMALE","Tuesday","ANGLE","OUTSIDE ROADWAY","COLLISION WITH MOTOR VEHICLE IN TRAFFIC","DAYLIGHT","CLEAR","CLEAR","NO CONTROLS","YES","DRY","NOT AT INTERSECTION","UNKNOWN","NON INTERSECTION","EASTBOUND","NORTHBOUND","SOUTHBOUND",0,0,"BACKING","1","LEFT REAR",0,1,0,"BACKING","1","RIGHT REAR",0,"OPERATOR/DRIVER",0,"D, CLASS D VEHICLES",1,1,"D, CLASS D VEHICLES",1,0,0,1,0,1,0,1,1,0,0,0,0,0
"1190",2021,9,22,15,"MALE","MALE","Wednesday","ANGLE","ROADWAY","COLLISION WITH MOTOR VEHICLE IN TRAFFIC","DAYLIGHT","CLEAR","CLEAR","STOP SIGNS","YES","DRY","T-INTERSECTION","TWO-WAY, NOT DIVIDED","INTERSECTION","NORTHBOUND","WESTBOUND","EASTBOUND",1,0,"TRAVELING STRAIGHT AHEAD","1","LEFT FRONT",0,1,0,"TURNING LEFT","1","RIGHT FRONT",0,"OPERATOR/DRIVER",1,"D, CLASS D VEHICLES",1,1,"D, CLASS D VEHICLES",0,0,0,1,0,0,0,0,0,1,0,0,0,0
"1191",2021,11,5,19,"FEMALE","FEMALE","Friday","REAR-END","ROADWAY","COLLISION WITH MOTOR VEHICLE IN TRAFFIC","OTHER","CLEAR","CLEAR","NO CONTROLS","YES","DRY","NOT AT INTERSECTION","TWO-WAY, DIVIDED, UNPROTECTED MEDIAN","NON INTERSECTION","EASTBOUND","NORTHBOUND","NORTHBOUND",1,0,"SLOWING OR STOPPED IN TRAFFIC","1","REAR CENTER",0,1,0,"SLOWING OR STOPPED IN TRAFFIC","1","LEFT REAR",0,"OPERATOR/DRIVER",1,"D, CLASS D VEHICLES",1,1,"D, CLASS D VEHICLES",1,0,0,0,0,1,0,1,1,0,0,0,0,0
"1192",2022,10,13,17,"FEMALE","MALE","Thursday","ANGLE","ROADWAY","COLLISION WITH MOTOR VEHICLE IN TRAFFIC","DARK - LIGHTED ROADWAY","RAIN","CLEAR","NO CONTROLS","YES","WET","NOT AT INTERSECTION","TWO-WAY, DIVIDED, UNPROTECTED MEDIAN","NON INTERSECTION","EASTBOUND","NORTHBOUND","NORTHBOUND",0,0,"TRAVELING STRAIGHT AHEAD","1","RIGHT FRONT",0,1,0,"ENTERING TRAFFIC LANE","1","LEFT FRONT",0,"OPERATOR/DRIVER",0,"UNKNOWN",1,1,"UNKNOWN",0,0,0,1,0,1,0,1,1,0,0,0,0,0
"1193",2021,9,20,11,"MALE","MALE","Monday","SIDESWIPE, SAME DIRECTION","ROADWAY","COLLISION WITH MOTOR VEHICLE IN TRAFFIC","DAYLIGHT","CLEAR","CLEAR","NO CONTROLS","YES","DRY","NOT AT INTERSECTION","TWO-WAY, DIVIDED, POSITIVE MEDIAN BARRIER","NON INTERSECTION","EASTBOUND","NORTHBOUND","NORTHBOUND",1,1,"OTHER","1","RIGHT REAR",0,1,0,"TRAVELING STRAIGHT AHEAD","1","LEFT FRONT",0,"OPERATOR/DRIVER",1,"D, CLASS D VEHICLES",1,1,"D, CLASS D VEHICLES",1,0,0,1,0,0,0,1,1,0,0,0,0,0
"1194",2021,10,25,9,"FEMALE","MALE","Monday","SIDESWIPE, SAME DIRECTION","ROADWAY","COLLISION WITH PARKED MOTOR VEHICLE","DAYLIGHT","RAIN","CLOUDY","NO CONTROLS","YES","WET","NOT AT INTERSECTION","TWO-WAY, DIVIDED, UNPROTECTED MEDIAN","NON INTERSECTION","EASTBOUND","NORTHBOUND","EASTBOUND",1,0,"TRAVELING STRAIGHT AHEAD","1","RIGHT SIDE",0,1,0,"PARKED","1","LEFT SIDE",0,"UNINVOLVED OWNER",1,"D, CLASS D VEHICLES",0,1,"D, CLASS D VEHICLES",0,0,0,0,0,0,0,1,1,0,0,0,0,0
"1195",2022,5,9,21,"FEMALE","FEMALE","Monday","REAR-END","UNKNOWN","COLLISION WITH MOTOR VEHICLE IN TRAFFIC","DARK - LIGHTED ROADWAY","CLEAR","CLEAR","NO CONTROLS","YES","DRY","T-INTERSECTION","UNKNOWN","INTERSECTION","WESTBOUND","NORTHBOUND","EASTBOUND",1,1,"TRAVELING STRAIGHT AHEAD","1","CENTER FRONT",0,1,1,"BACKING","1","OTHER",0,"OPERATOR/DRIVER",1,"D, CLASS D VEHICLES",1,1,"D, CLASS D VEHICLES",1,0,0,0,0,0,0,0,0,1,0,0,0,0
"1196",2022,7,25,10,"MALE","MALE","Monday","ANGLE","UNKNOWN","COLLISION WITH MOTOR VEHICLE IN TRAFFIC","DAYLIGHT","CLEAR","CLEAR","NO CONTROLS","YES","DRY","NOT AT INTERSECTION","ONE-WAY, NOT DIVIDED","NON INTERSECTION","EASTBOUND","NORTHBOUND","EASTBOUND",1,0,"TRAVELING STRAIGHT AHEAD","1","LEFT FRONT",0,1,0,"BACKING","1","RIGHT REAR",0,"OPERATOR/DRIVER",1,"D, CLASS D VEHICLES",1,1,"D, CLASS D VEHICLES",1,0,0,1,0,1,0,1,1,0,0,0,0,0
"1197",2022,9,30,22,"MALE","FEMALE","Friday","ANGLE","ROADWAY","COLLISION WITH MOTOR VEHICLE IN TRAFFIC","DUSK","CLEAR","CLEAR","TRAFFIC CONTROL SIGNAL","YES","DRY","T-INTERSECTION","TWO-WAY, NOT DIVIDED","INTERSECTION","NORTHBOUND","WESTBOUND","EASTBOUND",1,0,"TRAVELING STRAIGHT AHEAD","1","CENTER FRONT",0,1,0,"TRAVELING STRAIGHT AHEAD","1","LEFT SIDE",0,"OPERATOR/DRIVER",1,"D, CLASS D VEHICLES",1,1,"D, CLASS D VEHICLES",0,0,0,1,0,0,0,0,0,1,0,0,0,0
"1198",2022,5,29,22,"MALE","FEMALE","Sunday","REAR-END","ROADWAY","COLLISION WITH MOTOR VEHICLE IN TRAFFIC","DAYLIGHT","CLOUDY","CLEAR","NO CONTROLS","YES","DRY","NOT AT INTERSECTION","TWO-WAY, NOT DIVIDED","NON INTERSECTION","EASTBOUND","NORTHBOUND","EASTBOUND",0,0,"TRAVELING STRAIGHT AHEAD","1","REAR CENTER",0,1,0,"TRAVELING STRAIGHT AHEAD","1","CENTER FRONT",0,"OPERATOR/DRIVER",1,"D, CLASS D VEHICLES",1,1,"D, CLASS D VEHICLES",1,0,0,1,0,1,0,1,1,0,0,0,0,0
"1199",2021,3,13,13,"MALE","FEMALE","Saturday","ANGLE","ROADWAY","COLLISION WITH MOTOR VEHICLE IN TRAFFIC","DAYLIGHT","CLEAR","CLEAR","TRAFFIC CONTROL SIGNAL","YES","DRY","T-INTERSECTION","TWO-WAY, DIVIDED, UNPROTECTED MEDIAN","INTERSECTION","SOUTHBOUND","EASTBOUND","EASTBOUND",1,0,"TRAVELING STRAIGHT AHEAD","1","LEFT FRONT",0,1,0,"TURNING LEFT","1","CENTER FRONT",0,"OPERATOR/DRIVER",1,"D, CLASS D VEHICLES",1,1,"D, CLASS D VEHICLES",1,0,0,1,0,0,0,0,0,1,0,0,0,0
"1200",2022,7,15,20,"MALE","MALE","Friday","ANGLE","ROADWAY","COLLISION WITH MOTOR VEHICLE IN TRAFFIC","DUSK","CLEAR","CLEAR","STOP SIGNS","YES","DRY","T-INTERSECTION","TWO-WAY, NOT DIVIDED","NON INTERSECTION","EASTBOUND","NORTHBOUND","NORTHBOUND",1,0,"TRAVELING STRAIGHT AHEAD","1","CENTER FRONT",0,1,0,"TRAVELING STRAIGHT AHEAD","2","RIGHT SIDE",0,"OPERATOR/DRIVER",1,"D, CLASS D VEHICLES",1,1,"D, CLASS D VEHICLES",1,0,0,1,0,0,0,1,1,0,0,0,0,0
"1201",2021,8,10,20,"FEMALE","MALE","Tuesday","SIDESWIPE, SAME DIRECTION","ROADWAY","COLLISION WITH MOTOR VEHICLE IN TRAFFIC","DAYLIGHT","CLEAR","CLEAR","NO CONTROLS","YES","DRY","NOT AT INTERSECTION","TWO-WAY, DIVIDED, POSITIVE MEDIAN BARRIER","NON INTERSECTION","EASTBOUND","NORTHBOUND","WESTBOUND",1,0,"PARKED","1","LEFT FRONT",0,1,1,"BACKING","1","OTHER",0,"OPERATOR/DRIVER",1,"D, CLASS D VEHICLES",1,1,"UNKNOWN",0,0,0,1,0,0,0,1,1,0,0,0,0,0
"1202",2022,10,15,3,"MALE","MALE","Saturday","HEAD ON","ROADWAY","COLLISION WITH MOTOR VEHICLE IN TRAFFIC","DARK - LIGHTED ROADWAY","CLEAR","CLEAR","TRAFFIC CONTROL SIGNAL","YES","DRY","T-INTERSECTION","TWO-WAY, DIVIDED, POSITIVE MEDIAN BARRIER","INTERSECTION","SOUTHBOUND","EASTBOUND","EASTBOUND",1,0,"TURNING LEFT","1","RIGHT FRONT",0,1,0,"SLOWING OR STOPPED IN TRAFFIC","1","RIGHT FRONT",0,"OPERATOR/DRIVER",1,"D, CLASS D VEHICLES",0,0,"UNKNOWN",1,0,0,1,0,0,0,0,0,1,0,0,0,0
"1203",2022,7,31,18,"FEMALE","MALE","Sunday","SIDESWIPE, SAME DIRECTION","ROADWAY","COLLISION WITH MOTOR VEHICLE IN TRAFFIC","DAYLIGHT","CLEAR","CLEAR","NO CONTROLS","NO","DRY","NOT AT INTERSECTION","ONE-WAY, NOT DIVIDED","NON INTERSECTION","EASTBOUND","NORTHBOUND","EASTBOUND",1,0,"TRAVELING STRAIGHT AHEAD","1","LEFT FRONT",0,0,0,"ENTERING TRAFFIC LANE","1","RIGHT FRONT",0,"OPERATOR/DRIVER",1,"D, CLASS D VEHICLES",1,1,"D, CLASS D VEHICLES",0,0,0,1,0,0,0,1,1,0,0,0,0,0
"1204",2022,1,23,5,"MALE","FEMALE","Sunday","REAR-END","ROADWAY","COLLISION WITH MOTOR VEHICLE IN TRAFFIC","DARK - LIGHTED ROADWAY","CLEAR","CLEAR","OTHER","YES","DRY","FOUR WAY INTERSECTION","TWO-WAY, DIVIDED, UNPROTECTED MEDIAN","INTERSECTION","EASTBOUND","NORTHBOUND","EASTBOUND",1,0,"TRAVELING STRAIGHT AHEAD","1","REAR CENTER",0,1,0,"TRAVELING STRAIGHT AHEAD","2","CENTER FRONT",0,"OPERATOR/DRIVER",1,"D, CLASS D VEHICLES",1,1,"D, CLASS D VEHICLES",1,0,0,0,0,0,0,0,1,1,0,0,0,0
"1205",2022,3,13,18,"MALE","MALE","Sunday","REAR-END","ROADWAY","COLLISION WITH MOTOR VEHICLE IN TRAFFIC","DAYLIGHT","CLEAR","CLEAR","NO CONTROLS","NO","DRY","NOT AT INTERSECTION","TWO-WAY, DIVIDED, POSITIVE MEDIAN BARRIER","NON INTERSECTION","EASTBOUND","NORTHBOUND","NORTHBOUND",1,0,"TRAVELING STRAIGHT AHEAD","1","RIGHT FRONT",0,1,0,"TRAVELING STRAIGHT AHEAD","1","RIGHT REAR",0,"OPERATOR/DRIVER",1,"D, CLASS D VEHICLES",1,1,"D, CLASS D VEHICLES",1,0,0,0,0,0,0,1,1,0,0,0,0,0
"1206",2021,7,13,17,"MALE","FEMALE","Tuesday","ANGLE","OTHER","COLLISION WITH PARKED MOTOR VEHICLE","DAYLIGHT","CLEAR","CLEAR","NO CONTROLS","YES","DRY","NOT AT INTERSECTION","TWO-WAY, DIVIDED, POSITIVE MEDIAN BARRIER","NON INTERSECTION","EASTBOUND","NORTHBOUND","SOUTHBOUND",1,1,"PARKED","1","LEFT FRONT",0,1,1,"BACKING",NA,"OTHER",1,"UNINVOLVED OWNER",1,"D, CLASS D VEHICLES",1,1,"D, CLASS D VEHICLES",1,0,0,1,0,1,0,1,1,0,1,1,0,0
"1207",2021,6,9,20,"FEMALE","MALE","Wednesday","ANGLE","ROADWAY","COLLISION WITH MOTOR VEHICLE IN TRAFFIC","DAYLIGHT","CLEAR","CLEAR","STOP SIGNS","YES","DRY","FOUR WAY INTERSECTION","TWO-WAY, NOT DIVIDED","INTERSECTION","SOUTHBOUND","WESTBOUND","EASTBOUND",1,0,"SLOWING OR STOPPED IN TRAFFIC","more_than2","LEFT REAR",0,1,0,"SLOWING OR STOPPED IN TRAFFIC","1","OTHER",0,"OPERATOR/DRIVER",1,"D, CLASS D VEHICLES",1,1,"D, CLASS D VEHICLES",1,0,0,0,0,0,0,0,0,1,0,0,0,0
"1208",2021,5,23,17,"FEMALE","MALE","Sunday","ANGLE","ROADWAY","COLLISION WITH MOTOR VEHICLE IN TRAFFIC","DAYLIGHT","CLEAR","CLEAR","TRAFFIC CONTROL SIGNAL","YES","DRY","FOUR WAY INTERSECTION","TWO-WAY, NOT DIVIDED","INTERSECTION","SOUTHBOUND","WESTBOUND","EASTBOUND",1,0,"TRAVELING STRAIGHT AHEAD","1","LEFT FRONT",0,1,0,"TRAVELING STRAIGHT AHEAD","1","CENTER FRONT",0,"OPERATOR/DRIVER",0,"D, CLASS D VEHICLES",1,1,"D, CLASS D VEHICLES",1,0,0,0,0,0,0,0,0,1,0,0,0,0
"1209",2021,5,16,13,"MALE","FEMALE","Sunday","ANGLE","ROADWAY","COLLISION WITH MOTOR VEHICLE IN TRAFFIC","DAYLIGHT","CLEAR","CLEAR","NO CONTROLS","YES","DRY","NOT AT INTERSECTION","TWO-WAY, NOT DIVIDED","NON INTERSECTION","EASTBOUND","NORTHBOUND","WESTBOUND",1,0,"TRAVELING STRAIGHT AHEAD","1","RIGHT FRONT",0,0,0,"TURNING RIGHT","1","CENTER FRONT",0,"OPERATOR/DRIVER",1,"D, CLASS D VEHICLES",1,1,"D, CLASS D VEHICLES",0,0,0,1,0,1,0,1,1,0,0,0,0,0
"1210",2022,3,26,21,"FEMALE","MALE","Saturday","SIDESWIPE, SAME DIRECTION","ROADWAY","COLLISION WITH MOTOR VEHICLE IN TRAFFIC","DARK - LIGHTED ROADWAY","RAIN","CLEAR","TRAFFIC CONTROL SIGNAL","YES","WET","FOUR WAY INTERSECTION","TWO-WAY, DIVIDED, POSITIVE MEDIAN BARRIER","INTERSECTION","EASTBOUND","NORTHBOUND","EASTBOUND",1,1,"TRAVELING STRAIGHT AHEAD","1","LEFT FRONT",0,1,1,"MAKING U-TURN","1","RIGHT SIDE",0,"OPERATOR/DRIVER",1,"D, CLASS D VEHICLES",1,1,"D, CLASS D VEHICLES",1,0,0,1,0,0,0,0,0,0,0,0,0,0
"1211",2022,6,21,22,"MALE","FEMALE","Tuesday","SIDESWIPE, SAME DIRECTION","ROADWAY","COLLISION WITH PARKED MOTOR VEHICLE","DARK - LIGHTED ROADWAY","CLEAR","CLEAR","NO CONTROLS","YES","DRY","NOT AT INTERSECTION","TWO-WAY, NOT DIVIDED","NON INTERSECTION","EASTBOUND","NORTHBOUND","EASTBOUND",1,1,"PARKED","0","LEFT REAR",1,1,1,"TRAVELING STRAIGHT AHEAD","2","RIGHT FRONT",0,"UNINVOLVED OWNER",1,"D, CLASS D VEHICLES",1,1,"D, CLASS D VEHICLES",1,0,0,1,0,1,0,1,1,0,0,0,0,0
"1212",2021,10,30,16,"FEMALE","FEMALE","Saturday","ANGLE","ROADWAY","COLLISION WITH MOTOR VEHICLE IN TRAFFIC","DAYLIGHT","RAIN","CLEAR","STOP SIGNS","YES","WET","T-INTERSECTION","TWO-WAY, NOT DIVIDED","INTERSECTION","NORTHBOUND","EASTBOUND","EASTBOUND",1,0,"TRAVELING STRAIGHT AHEAD","1","RIGHT FRONT",0,0,0,"TURNING LEFT","1","LEFT FRONT",0,"OPERATOR/DRIVER",1,"D, CLASS D VEHICLES",1,0,"D, CLASS D VEHICLES",0,0,0,1,0,0,0,0,0,1,0,0,0,0
"1213",2022,6,25,17,"FEMALE","MALE","Saturday","ANGLE","ROADWAY","COLLISION WITH MOTOR VEHICLE IN TRAFFIC","DAYLIGHT","CLEAR","CLEAR","STOP SIGNS","YES","DRY","T-INTERSECTION","TWO-WAY, DIVIDED, POSITIVE MEDIAN BARRIER","INTERSECTION","WESTBOUND","SOUTHBOUND","EASTBOUND",1,0,"TURNING LEFT","1","RIGHT SIDE",0,1,0,"TRAVELING STRAIGHT AHEAD","1","RIGHT FRONT",0,"OPERATOR/DRIVER",1,"D, CLASS D VEHICLES",1,1,"D, CLASS D VEHICLES",1,0,0,0,0,0,0,0,0,1,0,0,0,0
"1214",2022,6,13,19,"FEMALE","FEMALE","Monday","SINGLE VEHICLE CRASH","ROADWAY","COLLISION WITH MOTOR VEHICLE IN TRAFFIC","DAYLIGHT","CLEAR","CLEAR","NO CONTROLS","YES","DRY","NOT AT INTERSECTION","TWO-WAY, NOT DIVIDED","NON INTERSECTION","WESTBOUND","SOUTHBOUND","WESTBOUND",1,0,"TRAVELING STRAIGHT AHEAD","1","RIGHT FRONT",0,1,0,"TRAVELING STRAIGHT AHEAD","1","OTHER",0,"OPERATOR/DRIVER",1,"D, CLASS D VEHICLES",1,1,"D, CLASS D VEHICLES",1,0,0,1,0,0,0,0,0,0,0,0,0,0
"1215",2022,7,29,15,"MALE","FEMALE","Friday","REAR-END","OUTSIDE ROADWAY","COLLISION WITH PARKED MOTOR VEHICLE","DAYLIGHT","CLEAR","CLEAR","NO CONTROLS","NO","DRY","NOT AT INTERSECTION","UNKNOWN","NON INTERSECTION","EASTBOUND","NORTHBOUND","WESTBOUND",0,0,"BACKING","1","REAR CENTER",0,1,0,"PARKED","1","LEFT FRONT",0,"OPERATOR/DRIVER",1,"D, CLASS D VEHICLES",1,0,"D, CLASS D VEHICLES",0,0,0,0,0,0,0,1,1,0,0,0,0,0
"1216",2021,10,30,18,"FEMALE","MALE","Saturday","ANGLE","ROADWAY","COLLISION WITH MOTOR VEHICLE IN TRAFFIC","DAYLIGHT","CLOUDY","RAIN","NO CONTROLS","YES","WET","NOT AT INTERSECTION","TWO-WAY, DIVIDED, UNPROTECTED MEDIAN","NON INTERSECTION","EASTBOUND","NORTHBOUND","NORTHBOUND",1,1,"OTHER","1","LEFT SIDE",0,1,0,"TRAVELING STRAIGHT AHEAD","1","RIGHT FRONT",0,"OPERATOR/DRIVER",1,"D, CLASS D VEHICLES",1,1,"D, CLASS D VEHICLES",1,0,0,0,0,1,0,1,1,0,0,0,0,0
"1217",2021,4,24,11,"FEMALE","FEMALE","Saturday","ANGLE","ROADWAY","COLLISION WITH MOTOR VEHICLE IN TRAFFIC","DAYLIGHT","CLEAR","CLEAR","STOP SIGNS","YES","DRY","FOUR WAY INTERSECTION","TWO-WAY, NOT DIVIDED","INTERSECTION","NORTHBOUND","EASTBOUND","EASTBOUND",0,0,"TRAVELING STRAIGHT AHEAD","1","RIGHT FRONT",0,1,0,"TRAVELING STRAIGHT AHEAD","1","LEFT FRONT",0,"OPERATOR/DRIVER",0,"OTHER",0,1,"D, CLASS D VEHICLES",1,0,0,1,0,0,0,0,0,1,0,0,0,0
"1218",2021,9,27,0,"FEMALE","MALE","Monday","REAR-END","ROADSIDE","COLLISION WITH PARKED MOTOR VEHICLE","DARK - LIGHTED ROADWAY","CLEAR","CLEAR","NO CONTROLS","YES","DRY","NOT AT INTERSECTION","TWO-WAY, DIVIDED, POSITIVE MEDIAN BARRIER","NON INTERSECTION","EASTBOUND","NORTHBOUND","NORTHBOUND",1,0,"PARKED","0","RIGHT REAR",0,1,0,"TRAVELING STRAIGHT AHEAD","1","CENTER FRONT",0,"UNINVOLVED OWNER",1,"D, CLASS D VEHICLES",1,1,"D, CLASS D VEHICLES",0,0,0,1,0,0,0,1,1,0,0,0,0,0
"1219",2022,5,3,23,"MALE","FEMALE","Tuesday","REAR-END","ROADWAY","COLLISION WITH MOTOR VEHICLE IN TRAFFIC","DARK - LIGHTED ROADWAY","CLOUDY","CLEAR","STOP SIGNS","YES","DRY","T-INTERSECTION","TWO-WAY, DIVIDED, UNPROTECTED MEDIAN","INTERSECTION","WESTBOUND","NORTHBOUND","EASTBOUND",1,1,"BACKING","1","OTHER",0,1,0,"SLOWING OR STOPPED IN TRAFFIC","1","RIGHT FRONT",0,"OPERATOR/DRIVER",1,"D, CLASS D VEHICLES",1,1,"D, CLASS D VEHICLES",1,0,0,1,0,0,0,0,0,1,0,0,0,0
"1220",2021,11,3,12,"FEMALE","FEMALE","Wednesday","SIDESWIPE, SAME DIRECTION","ROADWAY","COLLISION WITH MOTOR VEHICLE IN TRAFFIC","DAYLIGHT","CLEAR","CLEAR","TRAFFIC CONTROL SIGNAL","YES","DRY","FOUR WAY INTERSECTION","TWO-WAY, NOT DIVIDED","INTERSECTION","WESTBOUND","NORTHBOUND","EASTBOUND",1,0,"TURNING RIGHT","1","RIGHT SIDE",0,1,0,"SLOWING OR STOPPED IN TRAFFIC","2","LEFT FRONT",0,"OPERATOR/DRIVER",1,"D, CLASS D VEHICLES",1,0,"D, CLASS D VEHICLES",0,0,0,1,0,0,0,0,0,1,0,0,0,0
"1221",2022,4,16,0,"MALE","MALE","Saturday","ANGLE","ROADWAY","COLLISION WITH MOTOR VEHICLE IN TRAFFIC","DARK - LIGHTED ROADWAY","CLEAR","CLEAR","STOP SIGNS","YES","DRY","T-INTERSECTION","TWO-WAY, NOT DIVIDED","INTERSECTION","NORTHBOUND","WESTBOUND","EASTBOUND",1,0,"TRAVELING STRAIGHT AHEAD","2","CENTER FRONT",0,1,0,"TURNING RIGHT","1","LEFT SIDE",0,"OPERATOR/DRIVER",0,"D, CLASS D VEHICLES",1,1,"D, CLASS D VEHICLES",0,0,0,1,0,0,0,0,0,1,0,0,0,0
"1222",2021,7,23,8,"MALE","MALE","Friday","REAR-END","ROADWAY","COLLISION WITH MOTOR VEHICLE IN TRAFFIC","DAYLIGHT","CLEAR","CLEAR","TRAFFIC CONTROL SIGNAL","YES","DRY","FOUR WAY INTERSECTION","TWO-WAY, NOT DIVIDED","INTERSECTION","WESTBOUND","NORTHBOUND","EASTBOUND",1,0,"SLOWING OR STOPPED IN TRAFFIC","1","REAR CENTER",0,1,0,"TRAVELING STRAIGHT AHEAD","1","CENTER FRONT",0,"OPERATOR/DRIVER",1,"D, CLASS D VEHICLES",1,1,"D, CLASS D VEHICLES",1,0,0,0,0,0,0,0,1,1,0,0,0,0